{
  "old_uncert": 22,
  "new_uncert": 23,
  "old_bands": {
    "low": 27,
    "mid": 8,
    "high": 14
  },
  "new_bands": {
    "low": 26,
    "mid": 9,
    "high": 14
  },
  "facts_changed": [
    "R40"
  ],
  "new_rho_max": {
    "R01": 0.0,
    "R02": 0.0,
    "R03": 0.0,
    "R04": 0.0,
    "R05": 0.0,
    "R06": 0.16666666666666666,
    "R07": 0.6666666666666666,
    "R08": 1.0,
    "R09": 0.0,
    "R10": 1.0,
    "R11": 1.0,
    "R12": 1.0,
    "R13": 1.0,
    "R14": 1.0,
    "R15": 0.8333333333333334,
    "R16": 0.0,
    "R17": 0.0,
    "R18": 0.0,
    "R19": 0.0,
    "R20": 0.0,
    "R21": 0.0,
    "R22": 0.0,
    "R23": 0.0,
    "R24": 0.0,
    "R25": 0.0,
    "R26": 0.0,
    "R27": 0.0,
    "R28": 0.8333333333333334,
    "R29": 0.3333333333333333,
    "R30": 0.16666666666666666,
    "R31": 0.0,
    "R32": 0.16666666666666666,
    "R33": 0.0,
    "R34": 0.0,
    "R35": 0.0,
    "R36": 0.16666666666666666,
    "R37": 0.0,
    "R38": 0.3333333333333333,
    "R39": 0.0,
    "R40": 0.16666666666666666,
    "R41": 0.16666666666666666,
    "R42": 0.0,
    "R43": 1.0,
    "R44": 0.0,
    "R45": 1.0,
    "R46": 1.0,
    "R47": 0.16666666666666666,
    "R48": 0.6666666666666666,
    "R49": 1.0
  }
}